Tm,Cm,Sm,hop,latency,label
0,1,0.01,6,7.340350348755386,0
0,3,0.01,6,12.478491727629265,0
0,3,0.01,3,14.394996855241143,0
0,2,0.01,4,22.58979549189978,0
0,3,0.01,4,16.752785545085484,0
0,2,0.01,3,20.92888431555067,0
0,2,0.01,2,16.744424835572786,0
0,1,0.01,2,32.53523581549673,0
3,2,0.01,2,20.591947082357507,0
0,1,0.01,4,30.414365842472655,0
0,2,0.01,3,22.68633409927115,0
0,1,0.01,5,35.97624555398431,0
0,1,0.01,7,40.69650247801229,0
0,3,0.01,5,35.477084027969056,0
0,2,0.01,7,59.97648683492591,0
0,3,0.01,7,54.39750279109309,0
0,3,0.01,2,58.026958385008214,0
0,3,0.01,2,64.05052027481509,0
0,3,0.01,2,54.352880064014045,0
0,3,0.01,1,54.245966938862125,0
0,3,0.01,2,57.569578525648694,0
0,3,0.01,5,72.42170035258599,0
0,3,0.01,1,78.41439919500837,0
0,3,0.01,3,56.76263712650842,0
39,3,0.01,3,63.31697211990729,0
0,3,0.01,7,61.97696837571905,0
0,3,0.01,1,52.41550804258256,0
0,3,0.01,1,62.004357529606125,0
0,3,0.01,7,76.48290268337098,0
57,3,0.01,3,77.83606896590462,0
0,2,0.01,1,141.15628761242615,0
53,3,0.01,4,62.957402730846155,0
0,3,0.01,6,58.10578838085331,0
0,3,0.01,7,64.7986669610973,0
0,3,0.01,7,68.74170223718195,0
30,2,0.01,7,104.68284997739167,0
0,3,0.01,4,58.39561949894849,0
0,3,0.01,2,45.54178016390375,0
0,2,0.01,2,123.7141620716178,0
0,2,0.01,6,200.0473564034417,0
0,3,0.01,4,48.69307422835067,0
42,2,0.01,7,211.99523385559775,0
146,3,0.01,5,164.0566555858161,0
0,3,0.01,2,47.81572002711596,0
16,2,0.01,4,74.63688326490558,0
0,3,0.01,7,53.128969679108195,0
0,3,0.01,3,56.801664920845724,0
79,2,0.02,7,159.97857041909873,0
0,2,0.01,1,175.7400879912633,0
57,3,0.02,3,63.13497817637267,0
0,2,0.01,6,258.836946073437,0
203,3,0.02,1,211.14495796297228,0
0,3,0.01,2,52.90152267802364,0
96,2,0.02,1,136.6435309593649,0
13,2,0.01,2,204.80477379156838,0
0,2,0.01,4,145.74187050497363,0
120,3,0.02,3,128.4948257857434,0
24,3,0.02,1,52.995742144681515,0
0,3,0.01,3,49.170506091829964,0
0,2,0.01,2,198.16366883587858,0
60,3,0.02,7,71.55263337769674,0
0,2,0.01,1,64.67828692574227,0
0,2,0.01,7,65.04510057362802,0
40,3,0.02,4,53.95352999608639,0
48,3,0.01,5,59.49433323080592,0
0,2,0.01,3,100.11870794853462,0
0,2,0.01,6,362.4498654327454,0
41,2,0.01,3,228.26802617124986,0
29,3,0.03,1,45.4250049731163,0
0,2,0.01,4,151.06777470948424,0
125,3,0.01,7,142.1130490896187,0
35,2,0.02,5,61.67557715011003,0
0,2,0.01,6,304.02822667656284,0
89,3,0.02,5,101.47265475152716,0
0,3,0.01,7,63.61875617595513,0
19,2,0.02,2,75.96235739708555,0
73,3,0.02,4,84.94750692224147,0
34,2,0.02,1,325.6137275486127,0
0,2,0.01,3,393.74956936667024,0
10,3,0.01,2,47.11470500310577,0
49,2,0.02,4,107.80713396260182,0
95,2,0.01,4,358.72736951427794,0
70,2,0.01,6,81.37502565320153,0
10,3,0.01,7,56.79506552150497,0
0,2,0.01,4,491.72893076533467,0
214,3,0.02,2,225.36182701977623,0
0,2,0.01,6,178.50413994017526,0
111,3,0.02,3,121.37935761083577,0
296,2,0.02,2,361.48538904300847,0
108,3,0.02,1,114.91109947388645,0
49,2,0.01,6,148.90407051003024,0
81,2,0.03,5,93.23187154814138,0
10,3,0.01,4,51.854168190517385,0
13,3,0.01,6,51.85143265666704,0
0,2,0.01,2,203.66681006419776,0
67,2,0.01,5,162.7290740510283,0
28,2,0.01,7,274.4416505849383,0
16,3,0.01,5,59.5847372697732,0
116,2,0.01,4,142.0268527862819,0
182,2,0.01,7,227.43090314329368,0
0,2,0.01,5,283.21722557332305,0
29,2,0.01,3,116.15495682091534,0
0,1,0.01,3,470.9823755207467,0
404,2,0.1,4,413.06743093261116,0
22,1,0.02,1,396.75096691935823,0
388,3,0.11,3,394.30560228148397,0
2,2,0.01,1,49.2159715968495,0
0,3,0.01,6,41.02281312284401,0
26,1,0.02,4,489.72106156162283,0
461,3,0.11,2,472.50932033093466,0
421,2,0.1,7,435.4425092985472,0
0,1,0.01,6,608.1756930764296,0
586,2,0.11,3,596.8884277260704,0
385,1,0.09,4,446.13537550656224,0
327,1,0.1,1,382.77275847768783,0
349,3,0.09,7,359.0092673489546,0
0,1,0.01,1,634.42638952249,0
258,1,0.09,6,303.4714144877363,0
283,3,0.09,4,294.9683857538813,0
332,1,0.1,3,373.042269565521,0
348,2,0.09,2,357.9230748580528,0
339,3,0.08,7,349.16124139863064,0
321,3,0.07,7,336.86787110407533,0
261,3,0.08,3,272.4047856042148,0
0,3,0.01,7,76.7257935863031,0
267,2,0.07,1,286.52558745731085,0
176,3,0.06,5,182.19151908462447,0
146,3,0.05,2,154.9622569564441,0
121,2,0.04,2,129.12629177644612,0
0,1,0.01,6,583.4710540568151,0
517,2,0.1,2,525.4464899018717,0
0,1,0.01,3,660.3382547925238,0
433,1,0.09,2,546.1025437422655,0
475,2,0.11,5,482.2511202918637,0
392,2,0.1,2,400.8462895780318,0
0,3,0.01,1,44.23203142382022,0
582,1,0.12,6,608.0650926818973,0
0,1,0.01,2,806.8556061602717,0
581,1,0.09,5,706.3534787416924,0
697,3,0.1,6,709.6483678767329,0
642,2,0.09,1,651.6810529873123,0
772,1,0.1,2,793.7765355245829,0
578,1,0.11,7,623.7801618182253,0
595,2,0.1,2,613.6713694711408,0
0,1,0.01,2,795.9852857274842,0
517,1,0.09,6,602.8890947892893,0
426,2,0.09,5,438.12536924506594,0
563,1,0.09,6,598.2415339033566,0
549,2,0.1,2,564.6698825305814,0
0,3,0.01,5,41.43209529710077,0
0,1,0.01,6,888.672666863431,0
842,3,0.1,7,856.3127809568962,0
0,3,0.01,5,42.369303123874374,0
385,1,0.09,1,509.56574307065273,0
457,2,0.1,2,461.1814892359315,0
546,1,0.09,7,593.818775623274,0
491,2,0.11,6,506.68043448192145,0
21,3,0.01,5,60.39639770524309,0
498,2,0.1,1,521.6943419070694,0
244,3,0.09,3,255.09336944830852,0
244,2,0.08,1,252.94231939955,0
195,3,0.07,4,202.16439026522414,0
188,3,0.06,2,196.81110634646143,0
126,3,0.05,6,142.88992122830336,0
120,3,0.04,6,139.64374290716114,0
99,3,0.03,2,108.01855793808181,0
87,2,0.02,3,96.24584689307449,0
0,2,0.01,3,116.42406006103329,0
80,2,0.01,2,93.18743541852541,0
0,1,0.01,1,744.8008328062276,0
684,3,0.12,4,695.5483376413763,0
654,2,0.11,7,673.4964746884057,0
622,3,0.1,4,640.658178656302,0
10,1,0.02,7,778.843844500162,0
762,3,0.12,5,775.4465156916574,0
0,3,0.01,1,49.73335968967285,0
760,2,0.11,3,773.6383167939459,0
0,1,0.01,2,1079.77378163115,0
911,2,0.13,4,917.5909881551634,0
873,3,0.12,1,881.0199899896177,0
35,1,0.02,6,778.7350407471552,0
743,3,0.11,4,753.534699126312,0
604,2,0.1,3,611.1948181988203,0
559,2,0.09,4,566.3370577686896,0
416,1,0.08,5,665.8700377728771,0
607,3,0.11,1,614.2890948792644,0
570,2,0.1,2,573.2020299136661,0
475,3,0.09,3,481.7332571975603,0
465,2,0.08,5,475.89745127465994,0
415,2,0.07,2,424.6051612160104,0
420,2,0.06,4,427.39466193654926,0
328,2,0.05,2,334.27573968323077,0
0,1,0.01,3,1112.2184979836966,0
0,1,0.01,6,1142.896582630317,0
0,1,0.01,1,1132.6389201488646,0
1130,2,0.12,2,1135.9397501206295,0
1094,1,0.11,6,1124.471842840775,0
1061,3,0.11,5,1078.921001784914,0
931,3,0.1,4,950.3791052604256,0
907,2,0.1,3,922.0105984423296,0
1063,1,0.12,6,1119.8534691834404,0
1088,3,0.12,2,1097.1200181114937,0
0,2,0.01,1,54.25643783052442,0
0,1,0.01,6,953.5015191900204,0
516,3,0.12,2,526.3934417320561,0
514,2,0.11,6,532.0703811361052,0
485,3,0.1,3,504.099801164743,0
20,2,0.01,3,63.15588106891573,0
0,1,0.01,3,1135.9671281945714,0
1071,3,0.13,1,1075.8834074596175,0
0,2,0.01,5,48.73364632444964,0
430,1,0.09,7,795.181795050969,0
1002,1,0.12,6,1032.820963299737,0
963,2,0.13,1,972.9140703044102,0
887,2,0.12,7,900.8406002379643,0
851,3,0.11,3,867.2718437227256,0
5,2,0.01,5,60.97376884510254,0
0,1,0.01,7,1301.3198129534264,0
1277,2,0.14,2,1291.026002770275,0
1279,2,0.13,7,1292.1647835748402,0
1131,3,0.12,7,1152.3869365781204,0
841,1,0.09,1,1301.9939138501852,0
320,1,0.08,7,1010.0642387262142,0
969,1,0.14,1,978.0245197517552,0
933,3,0.14,4,944.6725121386721,0
884,3,0.13,7,901.258027484618,0
873,3,0.12,5,887.4261271648434,0
43,1,0.02,2,1137.1439753239254,0
1125,3,0.15,3,1132.4948205491808,0
1050,3,0.14,6,1061.3714554016472,0
514,1,0.1,5,897.2525904458391,0
853,3,0.14,1,865.3191836847841,0
828,2,0.13,7,836.7306494710845,0
805,2,0.12,4,816.0772381427116,0
725,1,0.1,2,1105.2901315681995,0
678,1,0.12,4,860.992789143425,0
760,1,0.11,4,1138.6702958515918,0
0,1,0.01,1,1368.1948786420332,0
1346,3,0.15,3,1352.9359771498182,0
0,1,0.01,6,1305.6422828852524,0
1240,2,0.15,2,1251.753122739365,0
1226,2,0.14,6,1238.4550861636599,0
1121,2,0.13,5,1134.0241705231651,0
930,2,0.12,4,941.420650707742,0
887,2,0.11,5,898.6702290713931,0
747,3,0.1,4,757.6897020810225,0
0,2,0.01,3,58.29678474185084,0
934,1,0.11,6,1301.1693558199222,0
1114,2,0.16,6,1137.3640661976558,0
1054,2,0.15,1,1067.832628748184,0
0,1,0.01,6,1478.340027372653,0
1456,2,0.16,6,1469.1797301645236,0
1354,2,0.15,7,1367.5594406045743,0
1336,2,0.14,1,1344.3611990845404,0
1110,3,0.13,3,1114.1027231835496,0
1091,1,0.14,1,1212.9163694314932,0
897,1,0.11,2,1266.7699438107518,0
0,1,0.01,1,1227.2239016563638,0
241,1,0.08,1,1128.8146721098406,0
1102,3,0.15,6,1110.1391387632148,0
1089,1,0.16,1,1109.444417358242,0
1065,2,0.15,5,1082.3791062746484,0
950,3,0.14,6,972.1244337279093,0
895,3,0.13,2,908.7599905605573,0
866,3,0.12,7,879.9699785056362,0
652,2,0.11,4,669.2674730639001,0
0,1,0.01,4,1605.4850613659805,0
1487,2,0.17,5,1498.723853379487,0
1102,1,0.15,2,1191.0629961954005,0
1070,2,0.16,5,1086.7075253235087,0
997,2,0.15,6,1018.9506902586079,0
814,2,0.14,4,830.2380967713775,0
0,1,0.01,4,1237.8419067761217,0
1218,2,0.17,1,1223.1222448462815,0
1205,2,0.16,2,1209.7763061730545,0
1197,2,0.15,4,1209.141387634325,0
860,1,0.11,4,1187.0601021945747,0
1162,3,0.17,2,1169.5146391622704,0
1114,3,0.16,6,1124.7555706674214,0
0,2,0.01,5,57.34398637336085,0
923,1,0.14,2,1222.715079835972,0
1172,1,0.18,7,1182.4121775581555,0
1153,3,0.17,7,1168.2450432402343,0
1088,3,0.16,2,1098.7491865786446,0
1049,2,0.15,2,1055.6080001128166,0
1009,2,0.14,4,1018.537901801617,0
874,2,0.13,5,884.1030463729765,0
1282,1,0.13,6,1710.543765127704,0
1699,2,0.17,3,1710.4410291943902,0
745,1,0.1,7,1704.33667886998,0
1564,2,0.18,7,1585.4003478985146,0
1342,1,0.16,2,1371.5760867449687,0
1509,1,0.17,2,1522.8445877472564,0
0,1,0.01,3,1350.9095792431137,0
943,1,0.11,7,1436.249691805552,0
853,1,0.14,6,1249.2250712874113,0
1209,1,0.15,4,1478.2954595018773,0
1408,2,0.17,5,1418.1230398725459,0
62,1,0.04,1,1609.292779823878,0
1563,2,0.18,5,1571.9304774219686,0
1224,1,0.17,7,1262.4850310027473,0
1152,3,0.17,6,1169.5024477392844,0
1373,1,0.16,4,1413.9609139335055,0
1362,3,0.17,3,1374.8772220334295,0
0,1,0.01,5,1254.1423826517582,0
1070,3,0.18,3,1079.553404830239,0
999,2,0.17,3,1005.431200358511,0
11,1,0.01,1,1591.6578803601658,0
1385,2,0.17,1,1389.2090334696315,0
1332,2,0.16,7,1342.818274461816,0
1329,2,0.15,3,1340.2577872247437,0
1322,3,0.14,6,1331.6152827823648,0
1258,1,0.16,5,1381.7198984182698,0
1312,2,0.19,6,1324.9049145200106,0
951,1,0.13,4,1506.3325867549486,0
1494,3,0.2,4,1507.2037454381345,0
522,1,0.08,2,1672.2251175317535,0
1316,1,0.18,3,1344.028112309213,0
1182,1,0.17,6,1335.8460292088039,0
1311,2,0.19,5,1323.4464627608183,0
1325,1,0.19,5,1361.300061135356,0
6,1,0.01,4,1982.3842659473044,0
1832,2,0.18,5,1841.5695934739506,0
1683,3,0.17,3,1692.0331040675464,0
1482,1,0.16,6,1686.313033650344,0
1198,1,0.18,1,1252.8580637999735,0
1195,2,0.19,2,1200.310690659789,0
1176,2,0.18,5,1183.7895811389521,0
1082,3,0.17,4,1095.9163588079823,0
842,2,0.16,3,854.7903312997928,0
840,3,0.15,5,850.1871335216179,0
687,2,0.14,7,700.8963639428403,0
677,2,0.13,5,690.8819114811467,0
529,2,0.12,2,538.205759818919,0
1625,1,0.18,4,1736.0454869435794,0
15,1,0.02,1,1569.7319311395977,0
1565,2,0.19,5,1571.1950593694482,0
1451,3,0.18,2,1461.5211468067723,0
1433,2,0.17,6,1444.611493231835,0
198,1,0.04,6,1177.9691926667942,0
1150,3,0.19,3,1166.9578584476726,0
1062,2,0.19,5,1070.6381485611873,0
1022,2,0.18,4,1032.7491449877011,0
855,2,0.17,6,872.9496595033647,0
816,2,0.16,6,835.2812575514295,0
415,1,0.08,6,1476.1113433013966,0
1353,3,0.2,5,1364.4284609146298,0
1355,3,0.19,4,1366.891820811712,0
1348,2,0.18,2,1356.0894629780664,0
1328,2,0.17,7,1337.2613491424513,0
1259,3,0.16,2,1269.3958681145255,0
1187,3,0.15,2,1195.9414280702522,0
1173,2,0.14,7,1185.3228185547346,0
1003,3,0.13,2,1013.5716431557339,0
1003,1,0.14,2,1671.6473970939937,0
1656,3,0.22,5,1667.6908636862327,0
1649,3,0.21,1,1659.2062769487502,0
1398,2,0.2,5,1406.2664503851538,0
1276,3,0.19,4,1292.3538472975533,0
856,1,0.09,6,1909.1938262702151,0
1901,3,0.2,4,1912.6931778513108,0
1601,3,0.2,1,1609.9490568003812,0
1461,2,0.19,5,1470.4857844367903,0
1329,3,0.18,7,1350.03361933332,0
1223,2,0.17,3,1241.5753145030835,0
1030,1,0.15,1,1592.3175450442873,0
1489,3,0.21,2,1494.3546959574992,0
1373,3,0.2,5,1381.6572308306522,0
1210,2,0.19,4,1225.4503261061473,0
1117,3,0.18,3,1132.9061057948797,0
998,3,0.17,7,1010.8250702218511,0
955,2,0.16,5,967.6472460558102,0
0,1,0.01,5,2188.0123189466626,0
1932,2,0.21,5,1948.5501051698757,0
1774,3,0.2,5,1786.5301523086737,0
1672,2,0.19,3,1681.8582042913372,0
1438,3,0.18,1,1443.1190489765045,0
1436,3,0.17,1,1440.4854780530168,0
1346,2,0.16,7,1356.8332495579007,0
1270,3,0.15,5,1289.5985082146976,0
1233,3,0.14,5,1249.4440133635976,0
1172,1,0.16,3,1674.2410509380934,0
1574,3,0.22,3,1582.3604365371025,0
1554,2,0.21,1,1560.999218331583,0
1457,3,0.2,1,1461.2665848404672,0
1455,3,0.19,5,1462.6671533348995,0
1274,3,0.18,7,1287.7081815032152,0
1198,2,0.17,4,1211.8118445636596,0
1103,2,0.16,1,1110.5042214894574,0
970,3,0.15,6,978.4763939769332,0
1670,1,0.19,6,2036.7327988880315,0
2010,3,0.23,3,2021.122001828182,0
733,1,0.11,6,1758.8767205048089,0
1636,2,0.23,5,1659.5586950705178,0
1567,3,0.22,1,1580.8858250689846,0
972,1,0.14,3,1748.7237980549285,0
1711,2,0.22,7,1728.4285573891689,0
1238,1,0.16,6,1932.2638615347732,0
1787,2,0.21,4,1805.9233346331748,0
1770,3,0.2,1,1777.0105496201318,0
1664,2,0.19,2,1669.39191699907,0
1639,2,0.18,6,1648.9210349218483,0
1452,2,0.17,7,1465.4879714824924,0
1777,1,0.22,6,1877.5816817266223,0
252,1,0.02,5,2351.283114216209,0
1545,1,0.21,5,1633.4041385077526,0
2143,1,0.24,2,2163.987830579097,0
1865,1,0.23,4,1902.6823528341324,0
1831,2,0.22,2,1843.6860441936424,0
1791,2,0.21,1,1796.7956820992276,0
1352,3,0.2,1,1354.8110661404785,0
1337,3,0.19,5,1343.5272313617124,0
1678,1,0.21,5,1794.1738625884018,0
1658,3,0.23,1,1665.3039770460646,0
1660,2,0.22,5,1666.8641095501584,0
1459,3,0.21,5,1469.8110063458125,0
1380,3,0.2,5,1395.8154525934747,0
1002,1,0.16,6,1723.3689401896754,0
1707,2,0.23,4,1726.3671378702616,0
1552,3,0.22,5,1575.2322795569785,0
1526,3,0.21,6,1543.0465189294596,0
1390,3,0.2,4,1400.8196913371444,0
1367,3,0.19,1,1372.398617384567,0
1247,1,0.18,2,1937.2818930891144,0
1930,2,0.25,1,1934.1273891538626,0
1554,1,0.17,2,2375.3955991306966,0
786,1,0.13,3,1782.6442773148024,0
1610,3,0.23,5,1619.276693337487,0
1312,1,0.14,3,2547.540001366803,0
2458,3,0.23,6,2470.3869862560236,0
2368,1,0.24,4,2400.3026785732795,0
2161,3,0.24,7,2172.2185008351407,0
2155,2,0.23,6,2168.5583190383245,0
2149,2,0.22,3,2158.7283825273944,0
2069,3,0.21,6,2079.5478594115616,0
1816,1,0.24,7,1886.7832871931478,0
1749,2,0.24,3,1760.9414183628337,0
1504,3,0.23,5,1513.626821633677,0
1112,1,0.16,2,1995.0785722717196,0
1984,2,0.24,2,1988.0294120367116,0
1889,3,0.23,1,1892.5674861752582,0
1853,3,0.22,5,1865.4759590256112,0
1733,2,0.21,1,1746.034274908946,0
1703,2,0.2,7,1713.6075021971174,0
664,1,0.09,5,1953.331711100419,0
1897,2,0.25,7,1911.5480490738873,0
1838,3,0.24,6,1853.8897351614628,0
1843,3,0.23,4,1853.3240579700155,0
1551,1,0.23,5,1821.9671379604356,0
1637,1,0.18,6,2450.2649263037415,0
2347,2,0.24,5,2359.213664769779,0
2132,3,0.23,4,2143.3597883444154,0
2116,2,0.22,5,2131.102857111543,0
2023,1,0.23,5,2318.9171292364726,0
1877,2,0.25,1,1883.0061997658868,0
1847,2,0.24,7,1855.862284381531,0
1813,3,0.23,6,1830.6123125485083,0
1798,2,0.22,3,1811.6472243813937,0
0,1,0.01,1,2291.8474013707764,0
1193,1,0.19,2,2092.5377566874604,0
1978,2,0.25,7,1988.8407831264103,0
1870,3,0.24,3,1885.7708633273933,0
1738,2,0.23,7,1753.2007497254394,0
1788,1,0.25,7,1901.4121555601478,0
1320,1,0.13,2,2323.283107196067,0
1576,1,0.22,5,1833.8977853372676,0
1815,3,0.25,4,1825.4738039951562,0
1800,2,0.24,7,1811.6467366072848,0
1714,1,0.26,1,1755.8156591462566,0
1750,3,0.25,2,1755.833991190224,0
1652,3,0.24,5,1661.192139929803,0
0,1,0.01,6,2936.4613237922417,0
2898,3,0.26,2,2918.663686761821,0
2851,2,0.25,5,2860.698352689994,0
658,1,0.12,4,1463.7179263084895,0
1099,1,0.14,6,2531.69986075252,0
2510,3,0.27,2,2520.2511674787474,0
2481,2,0.26,4,2497.925994487915,0
2437,3,0.25,5,2456.426261154659,0
2412,2,0.24,7,2425.636991308806,0
2363,2,0.23,2,2372.8159188646982,0
2241,3,0.22,7,2251.9877153254024,0
2106,3,0.21,7,2128.7139179495925,0
2076,3,0.2,5,2095.477992566243,0
2034,3,0.19,6,2046.4317337891111,0
1857,3,0.18,1,1866.5971461198164,0
1668,3,0.17,5,1676.3466182481375,0
1576,2,0.16,2,1587.7986481987004,0
1577,2,0.15,1,1583.160414720929,0
1445,3,0.15,4,1450.9699469231487,0
1336,3,0.14,6,1346.6410186152507,0
1131,3,0.13,6,1143.637029108581,0
1061,2,0.12,7,1075.794322370079,0
832,2,0.11,7,847.4194449771744,0
790,2,0.1,7,804.8842647743113,0
1597,1,0.23,1,1786.9503764524775,0
1769,2,0.28,6,1777.5872552985834,0
1598,2,0.27,2,1607.4302302923697,0
1337,2,0.26,3,1345.26077321929,0
2139,1,0.25,1,2426.4832697773395,0
604,1,0.1,3,2960.116335547527,0
2684,2,0.28,4,2692.0286929880103,0
1420,1,0.26,1,1605.7988248014994,0
1597,2,0.28,2,1601.9259169888815,0
1452,3,0.27,4,1459.068449489907,0
1360,3,0.26,4,1372.1089962284946,0
2407,1,0.29,4,2442.3431857142045,0
2348,2,0.29,4,2356.2843292071293,0
2238,3,0.28,7,2249.248017143017,0
638,1,0.1,6,2235.557190793708,0
2209,1,0.25,4,2510.8491170669986,0
2419,3,0.27,6,2429.5766380517625,0
2364,3,0.26,1,2372.639674677804,0
570,1,0.1,3,2514.188301482366,0
2490,2,0.27,5,2500.909782053728,0
2422,2,0.26,2,2431.955698633411,0
2333,2,0.25,4,2341.530164574263,0
2171,3,0.24,6,2183.311815742744,0
2128,2,0.23,3,2138.5615308027877,0
2070,3,0.22,1,2075.2396417263985,0
2045,3,0.21,2,2050.9281985915018,0
41,1,0.02,4,2604.4313519120838,0
2567,3,0.3,3,2582.1759074392257,0
2448,3,0.29,4,2460.1592356554675,0
2445,2,0.28,7,2462.5955837101137,0
2406,2,0.27,1,2419.102389951363,0
2295,3,0.26,1,2297.8780341358975,0
2260,2,0.25,2,2265.9998759730906,0
2138,2,0.24,5,2153.7039492763224,0
2062,3,0.24,1,2075.5747618713303,0
1951,2,0.23,2,1956.5291775787405,0
1357,1,0.26,4,1515.2247161341647,0
1504,3,0.28,3,1515.269530373569,0
1472,2,0.27,1,1480.5327401708996,0
2649,1,0.27,3,2840.609593567016,0
2808,2,0.28,6,2821.171236572959,0
1195,1,0.16,2,2298.4850292334895,0
2242,3,0.28,5,2254.1179904477053,0
2227,1,0.28,5,2408.7128320928955,0
2336,3,0.29,5,2352.837641140272,0
2230,3,0.28,6,2242.7311329699073,0
2125,3,0.27,2,2133.6100239899934,0
2126,2,0.26,2,2131.3747309615624,0
2042,2,0.25,5,2055.888642925794,0
1933,1,0.2,7,2654.628153578436,0
2629,2,0.29,6,2649.6683726783886,0
2806,1,0.28,2,2894.3784669194833,0
2869,2,0.29,4,2876.117715832031,0
2838,3,0.28,1,2845.5385359880233,0
2739,2,0.27,1,2743.84176254112,0
2704,2,0.26,5,2712.237954404052,0
2664,3,0.25,4,2679.726416421614,0
2612,3,0.24,3,2624.5716778234514,0
2510,2,0.23,2,2517.314713376894,0
1928,3,0.22,3,1935.8394163980915,0
2131,1,0.22,1,2941.887036069477,0
2911,3,0.29,6,2919.9856802379254,0
2811,2,0.28,1,2819.9896533916217,0
2780,3,0.27,5,2787.2984018465445,0
2465,1,0.29,6,2542.502020318671,0
1692,1,0.22,5,2320.2617035748804,0
2256,2,0.31,2,2263.8145802413496,0
2219,3,0.3,2,2223.318970287626,0
2201,3,0.29,4,2207.738118300232,0
2178,2,0.28,6,2188.8866686014803,0
2161,2,0.27,6,2174.0401972104537,0
2135,3,0.26,3,2145.826069934115,0
2116,3,0.26,5,2125.9679818741674,0
2052,2,0.25,1,2063.8703580575416,0
1809,2,0.24,4,1818.7446684449965,0
1741,2,0.23,6,1755.5782092864533,0
1666,2,0.22,5,1681.7760716809894,0
1654,2,0.21,1,1660.2861764936324,0
1332,1,0.18,6,2273.4984152823013,0
2238,3,0.31,2,2251.374656884912,0
2231,3,0.3,3,2242.664397180505,0
2208,2,0.29,5,2223.245551620109,0
1921,1,0.27,7,2357.195564700925,0
1548,1,0.19,3,2422.426121859062,0
2404,2,0.3,4,2411.794571952014,0
1459,1,0.16,3,3478.629769403729,0
1274,1,0.18,6,2364.025647741023,0
2333,1,0.31,1,2379.2459565271797,0
2274,3,0.3,1,2281.198327646123,0
968,1,0.12,2,3089.0600946645195,0
2363,1,0.3,4,2537.8903498403934,0
2282,3,0.3,3,2294.1300732818086,0
760,1,0.15,2,2320.8749612657853,0
2305,3,0.31,4,2312.9433413452125,0
2244,2,0.3,4,2258.878572479051,0
2183,2,0.29,1,2194.1258681776685,0
2170,3,0.28,4,2177.319493681914,0
2104,3,0.27,1,2111.8668478779005,0
1363,1,0.19,2,2486.5442541694147,0
2448,2,0.3,6,2457.90951212159,0
2351,3,0.29,6,2365.0902309735516,0
2161,2,0.28,2,2170.081828406526,0
2163,2,0.27,4,2170.9471459596634,0
2089,2,0.26,6,2100.0419960249183,0
2075,3,0.25,7,2089.8264235537717,0
1990,3,0.24,3,2005.277868914986,0
1980,3,0.23,7,1995.9439210435085,0
3048,1,0.3,6,3162.3832124301225,0
2280,1,0.3,1,2413.7757944211044,0
2380,2,0.3,3,2385.1526717165493,0
2348,3,0.29,5,2357.643216176249,0
2193,2,0.28,1,2202.351951253406,0
2128,2,0.27,2,2135.0469277944003,0
1452,1,0.22,6,2531.912926262278,0
2249,1,0.26,6,2850.358658646141,0
2402,2,0.31,4,2420.2240354798387,0
2300,2,0.3,6,2311.742923035648,0
2212,1,0.27,5,2691.791407287016,0
2524,3,0.31,5,2534.4012274405577,0
1384,1,0.16,4,2730.6367700957626,0
3345,1,0.3,2,3563.681832941528,0
3518,3,0.3,5,3529.8549569755855,0
3474,3,0.29,4,3492.308303667479,0
3407,3,0.28,5,3423.6239128772017,0
1214,1,0.25,2,1959.5791265179391,0
1869,2,0.31,1,1874.1118021170892,0
4,1,0.01,1,3370.618948533559,0
3149,1,0.31,5,3276.679369890306,0
3256,3,0.31,5,3267.855741083753,0
2453,1,0.3,7,2525.675887953738,0
2317,3,0.31,7,2339.063141172869,0
2304,3,0.3,2,2321.2239020947277,0
119,1,0.04,2,3321.6772390567726,0
1600,1,0.22,2,2756.7945465784924,0
3054,1,0.3,5,3105.91616385571,0
2983,3,0.31,4,2993.8670588907344,0
2273,1,0.29,7,2563.745838798676,0
2390,2,0.31,6,2404.1029068791618,0
2344,3,0.3,2,2354.5005504372057,0
1682,1,0.16,4,3681.2676056034898,0
3645,2,0.32,3,3656.8890116827342,0
3594,3,0.31,7,3609.6370995205393,0
3539,3,0.3,1,3551.8869857721725,0
3187,3,0.29,2,3193.9103603814906,0
2240,1,0.29,5,2429.873760720513,0
2573,1,0.3,7,2752.656944856186,0
2357,1,0.33,7,2378.1713063740453,0
3245,1,0.32,1,3348.2516885617833,0
3343,3,0.32,3,3349.068553060357,0
3307,3,0.31,4,3315.055384610003,0
3225,3,0.3,1,3230.373971429355,0
0,1,0.01,2,3375.777388487948,0
2738,1,0.32,7,2780.75476500295,0
2764,2,0.31,4,2776.046839809692,0
2657,3,0.3,4,2667.1212580467563,0
2551,3,0.29,6,2563.257171465434,0
2476,2,0.28,5,2494.9147969279693,0
0,1,0.01,1,3609.3461531926378,0
3519,3,0.33,6,3528.3786734037285,0
3441,2,0.32,4,3452.385815225992,0
2246,1,0.29,3,2726.4114045893266,0
2703,2,0.32,5,2711.698897926077,0
2699,2,0.31,2,2706.4504343128965,0
2564,2,0.3,3,2569.2412664543217,0
2337,2,0.29,1,2341.5254782179354,0
2331,3,0.28,2,2336.597671003684,0
0,1,0.01,2,3801.504471345923,0
3796,3,0.32,1,3801.2913390925314,0
3411,2,0.31,7,3421.22865434326,0
2338,1,0.32,6,2466.7346715274207,0
2457,2,0.34,2,2465.1352966159593,0
2323,2,0.33,2,2328.140412782055,0
1956,1,0.24,4,2721.688208645117,0
2638,3,0.33,1,2643.0056209349104,0
2625,2,0.32,1,2628.477380139886,0
2486,3,0.31,4,2492.7563923498064,0
2325,3,0.3,1,2331.930632524738,0
2050,3,0.29,4,2061.8896674010475,0
2519,1,0.31,3,2913.945152229835,0
2903,2,0.33,4,2910.6686977894187,0
2743,1,0.32,2,3008.2257005318907,0
2290,1,0.32,3,2336.5566792996824,0
2203,2,0.33,5,2212.8182712636144,0
2196,2,0.32,7,2210.461759929469,0
2146,3,0.31,7,2162.7174615421463,0
0,1,0.01,7,3245.3421173882352,0
2990,2,0.33,5,3007.5087308479906,0
2973,2,0.33,3,2989.1611732102683,0
2650,3,0.32,1,2657.087405845068,0
2594,3,0.31,6,2601.8081831172103,0
959,1,0.15,4,2934.865916902615,0
2862,1,0.34,5,2938.2401336171515,0
2816,1,0.34,1,2828.24005250159,0
2790,2,0.34,7,2800.2406080043247,0
851,1,0.12,2,3396.540476661422,0
3301,3,0.34,1,3308.124462053127,0
3232,2,0.33,7,3244.1422877204486,0
3064,3,0.32,6,3082.061856169673,0
3000,2,0.31,1,3013.1954502732415,0
2962,3,0.3,5,2970.6599481232543,0
2310,1,0.31,2,2712.2230077503964,0
2564,3,0.34,7,2575.1876609187184,0
2515,2,0.33,3,2529.2687145568616,0
2348,2,0.32,7,2361.437001021207,0
2298,2,0.31,4,2309.823331089272,0
2295,3,0.3,1,2300.8540944701926,0
459,1,0.09,6,3611.2663736665863,0
2047,1,0.28,1,2820.278067758837,0
2733,2,0.35,1,2735.7724649111124,0
2570,2,0.34,2,2574.038568357684,0
2559,3,0.33,3,2565.308082371309,0
2550,2,0.32,5,2558.2872647078393,0
1901,1,0.22,4,2974.2188115069393,0
2898,3,0.35,4,2908.5155711529987,0
2865,2,0.34,3,2873.1535515336464,0
2779,3,0.33,7,2790.0388765591215,0
2657,3,0.32,6,2672.7345986868913,0
2271,1,0.29,6,3040.570332733847,0
35,1,0.02,5,4124.391937347828,0
4092,3,0.35,4,4104.263222680714,0
3924,3,0.34,5,3935.6852139731063,0
3925,2,0.33,3,3934.940202796557,0
3703,3,0.32,1,3708.038941191091,0
3,1,0.01,4,4020.331143907574,0
3797,3,0.36,6,3809.9947403655588,0
3707,3,0.35,6,3720.0939781313336,0
3307,2,0.34,1,3314.1471687772582,0
3226,2,0.33,7,3242.5574264944653,0
3196,2,0.32,4,3215.6958646733756,0
3052,3,0.31,6,3069.4481701264067,0
2840,2,0.3,7,2860.5681835870128,0
2821,2,0.3,6,2834.705748346305,0
2921,1,0.36,4,3032.126902220866,0
2623,1,0.26,6,3674.917756496914,0
3531,2,0.37,4,3546.624985424165,0
3374,2,0.36,5,3386.689131652416,0
3005,1,0.38,1,3036.6238638314,0
3008,2,0.37,7,3019.180281111656,0
2933,3,0.36,4,2945.396234287683,0
2827,3,0.35,6,2837.3844950725043,0
3447,1,0.31,7,3934.7332632031494,0
3884,2,0.38,6,3898.514931522728,0
3586,3,0.37,4,3600.778583355893,0
3214,1,0.29,7,3783.073390143889,0
1271,1,0.18,2,3688.2182333479886,0
3648,2,0.37,7,3658.566830457562,0
3504,3,0.36,3,3515.3695804809195,0
3397,2,0.35,3,3404.098216865682,0
2835,1,0.24,2,4508.414071095577,1
4482,2,0.37,3,4488.011294463599,1
4200,3,0.36,5,4213.037472558687,1
1842,1,0.3,7,2619.630929467354,0
2601,2,0.37,4,2613.6030578939117,0
2757,1,0.33,1,3148.8923063477196,0
3115,3,0.37,6,3123.306552732479,0
3059,2,0.36,6,3071.752048931333,0
3020,3,0.35,1,3027.3238834037893,0
3005,3,0.34,7,3020.9974678138187,0
2934,2,0.33,5,2953.643808074071,0
2927,1,0.34,5,3370.8537285696884,0
3280,3,0.38,4,3289.2918505958505,0
3147,2,0.37,6,3158.240558316904,0
3126,3,0.36,5,3138.382182468429,0
3064,3,0.35,7,3077.0186464865174,0
3055,2,0.34,2,3066.2177786515267,0
2788,2,0.33,2,2793.1493265591334,0
2780,3,0.32,2,2784.7597064612746,0
2759,3,0.31,2,2764.7399555342645,0
3123,1,0.27,6,4012.590548028691,0
3570,1,0.36,2,3746.997138962939,0
3576,2,0.38,3,3589.7583958164214,0
3470,2,0.37,2,3476.2244311590675,0
3326,3,0.36,3,3332.97640240719,0
944,1,0.14,3,3333.497439912073,0
3377,1,0.3,3,4037.10538104223,0
3817,2,0.38,4,3829.7865555052695,0
3816,2,0.37,2,3824.4747674982955,0
3978,1,0.38,4,4034.4647133961453,0
3885,3,0.39,7,3896.7807920535297,0
0,1,0.01,3,4142.659832919582,1
4126,3,0.38,6,4136.001946640797,1
4076,3,0.37,5,4088.1977154658553,0
3723,3,0.36,7,3736.7581288909905,0
3716,2,0.35,3,3726.520168988878,0
3720,2,0.34,1,3725.765325053978,0
3583,2,0.33,6,3592.520005299323,0
3542,2,0.32,2,3553.737643992831,0
2143,1,0.3,5,2796.285736514692,0
2716,2,0.39,5,2726.9528650292486,0
1965,1,0.22,5,3093.915945232072,0
3065,3,0.39,5,3077.0750642492267,0
2959,3,0.38,1,2966.060265229631,0
2112,1,0.22,2,4196.405679707161,1
4088,3,0.39,2,4093.8889224438426,0
2052,1,0.26,7,3177.2576452483863,0
3296,1,0.39,1,3434.6351917812062,0
3240,2,0.39,7,3255.877421804622,0
2696,1,0.32,6,3452.2168424867896,0
3335,2,0.39,6,3355.253476671919,0
2179,1,0.29,7,3174.929924120931,0
3163,3,0.4,1,3172.842901015095,0
3131,1,0.38,3,3175.7768698302352,0
3162,2,0.39,2,3167.874782857847,0
3141,2,0.38,3,3146.4180165398666,0
3138,2,0.37,1,3144.1583810651,0
3069,3,0.36,6,3078.396921072478,0
3330,1,0.38,1,3375.5857276623565,0
3322,3,0.4,5,3334.824783772402,0
3213,2,0.39,4,3224.8762166749802,0
3216,2,0.38,2,3226.5001584978772,0
1330,1,0.26,3,3015.6443541076414,0
2961,2,0.39,7,2973.3774366638245,0
2937,2,0.39,5,2950.7775089291845,0
2918,3,0.39,4,2927.1453050286264,0
2784,3,0.38,3,2792.539240218227,0
2696,2,0.37,5,2706.959525411674,0
2604,2,0.36,7,2621.231645224684,0
2495,3,0.35,4,2515.200469591624,0
2480,3,0.34,4,2493.8711748827054,0
2476,3,0.33,3,2487.3890511960344,0
2401,3,0.32,6,2415.644171534117,0
2373,3,0.31,5,2386.092741435098,0
3835,1,0.38,2,4126.872968033709,1
4009,3,0.4,2,4013.7783448443934,0
3583,1,0.36,1,3888.1458952981984,0
3820,1,0.41,5,3826.1092780478175,0
3797,3,0.4,4,3806.9488276378115,0
3513,2,0.39,7,3525.7973713524525,0
3145,1,0.39,4,3315.8557205784464,0
1403,1,0.17,1,4478.9317338932815,1
4,1,0.01,1,4643.952903497586,1
3587,1,0.35,3,4379.269918234096,1
4347,3,0.41,4,4356.316021532907,1
4319,3,0.4,5,4330.704977948403,1
3352,1,0.32,6,4479.437703796996,1
4233,2,0.41,7,4247.741845495968,1
3779,2,0.4,5,3793.806973047758,0
3513,2,0.39,3,3523.758993749604,0
3516,2,0.38,3,3524.3426561081533,0
3511,3,0.37,1,3518.2639931157555,0
3512,3,0.36,7,3523.7214657547174,0
3511,2,0.35,3,3525.7028904302106,0
3374,3,0.34,4,3390.5340681338366,0
3367,2,0.33,6,3383.9209521067787,0
3354,3,0.32,4,3364.9214134162003,0
3266,2,0.31,3,3274.132162317105,0
3112,2,0.3,3,3120.2508841169347,0
3106,2,0.3,1,3112.3542203559673,0
2984,2,0.29,2,2988.2379920057083,0
2688,3,0.28,2,2693.7133182924235,0
2685,3,0.27,2,2690.760448981212,0
2427,2,0.26,6,2441.984035492239,0
3004,1,0.28,3,4284.255844828144,1
4255,3,0.44,5,4263.115375681959,1
4253,2,0.44,2,4261.245034256723,1
3912,2,0.43,3,3921.113125918405,0
3846,3,0.42,7,3860.3545844821583,0
3834,2,0.42,5,3848.895247144984,0
3624,2,0.41,2,3633.6938965266263,0
3586,3,0.4,4,3593.8691332406006,0
3021,1,0.39,2,3446.032922022049,0
3414,3,0.45,2,3421.0011552452233,0
3337,2,0.44,6,3346.284219726489,0
3320,2,0.43,7,3333.635123519054,0
2791,1,0.3,5,4196.51134440869,1
4463,1,0.41,3,4678.435457920673,1
4505,3,0.43,5,4515.477887321461,1
4156,1,0.43,1,4178.745527797369,1
1793,1,0.21,2,3697.1499400170233,0
2692,1,0.38,6,3201.744767169358,0
3782,1,0.39,3,4063.5808810723684,0
3981,2,0.43,5,3990.383595384108,0
3928,2,0.42,6,3940.04116975534,0
3827,2,0.41,4,3841.6115880530224,0
3831,2,0.4,3,3843.7597684422763,0
3824,2,0.39,5,3833.9731193883845,0
3585,2,0.38,6,3596.7642967994634,0
3546,3,0.37,2,3557.0967752543547,0
3289,2,0.36,1,3296.8027930693643,0
3031,3,0.35,2,3035.6906737237596,0
2704,3,0.34,2,2710.347640816847,0
2016,1,0.2,7,4216.039206285711,1
4209,3,0.44,6,4233.666240585495,1
2179,1,0.29,5,3299.9162085304724,0
3277,2,0.43,2,3286.033855894618,0
3265,2,0.42,1,3270.124345437249,0
451,1,0.11,4,3900.4386846850557,0
3873,3,0.43,7,3886.1181321273725,0
3847,2,0.42,7,3863.513045500579,0
3833,2,0.41,1,3843.444728463477,0
4453,1,0.42,1,4608.3011926585905,1
4574,3,0.44,4,4579.321212883187,1
4540,3,0.43,3,4548.151814843231,1
4341,3,0.42,3,4352.956068254421,1
4298,3,0.41,2,4310.366334396152,1
4026,2,0.4,7,4039.6239967236506,0
2940,1,0.29,4,4174.642638855641,1
4443,1,0.41,1,4859.882890113463,1
4845,2,0.44,3,4850.868566973251,1
4765,3,0.43,3,4773.579765279733,1
4752,2,0.42,1,4761.461843736537,1
4608,2,0.41,1,4614.237155160077,1
4236,3,0.4,4,4241.2872188181,1
4185,2,0.39,5,4195.458477879807,1
4053,1,0.44,5,4100.726239260449,0
4016,3,0.44,4,4031.426262395028,0
3335,1,0.34,3,4313.343200607154,1
4237,2,0.45,6,4250.8903697451515,1
3461,1,0.32,2,4217.5940855032595,1
4202,3,0.44,5,4212.151144585363,1
3934,2,0.43,5,3948.998253419636,0
3803,3,0.42,6,3816.150487013724,0
3784,3,0.41,2,3793.5382551215625,0
3024,1,0.42,6,3301.009772089613,0
3247,3,0.44,7,3262.1728133959505,0
3779,1,0.35,5,4806.887463107401,1
2518,1,0.3,7,3945.7523364405824,0
3925,2,0.45,7,3944.491077861162,0
3860,3,0.44,6,3877.460814590041,0
3856,3,0.43,6,3881.7716198225526,0
2745,1,0.37,7,3578.926471800769,0
3433,2,0.46,6,3448.25885099268,0
3376,2,0.45,7,3391.516531338554,0
3315,3,0.44,2,3331.837174761614,0
3265,2,0.43,3,3280.213925128658,0
3265,2,0.42,3,3275.4642194636026,0
905,1,0.13,1,4320.09458113204,1
4240,2,0.47,1,4244.181294123686,1
4154,1,0.46,2,4158.456766389537,1
4183,1,0.44,6,4353.558915727074,1
4333,2,0.46,2,4341.745338344403,1
4300,2,0.45,3,4305.273507915867,1
3946,1,0.42,7,4379.452812351757,1
4344,2,0.45,2,4357.5599493832415,1
4353,3,0.44,3,4361.617870443413,1
4721,1,0.45,5,4876.907715304107,1
4717,1,0.48,3,4732.576664334569,1
4686,2,0.47,4,4696.684117045187,1
4678,2,0.46,5,4687.353763354258,1
3849,1,0.38,1,4790.121574150603,1
4708,3,0.47,3,4713.276910822771,1
4516,2,0.46,7,4527.9859073341395,1
43,1,0.01,5,5616.522270967024,1
5376,3,0.47,4,5387.636141375951,1
5362,2,0.46,6,5373.649440115264,1
5286,2,0.45,7,5300.888321885018,1
5198,3,0.44,5,5211.07601174734,1
3218,1,0.41,6,3989.6242172688662,0
3901,2,0.48,3,3916.7292916333936,0
3731,2,0.48,3,3738.4503206979853,0
3717,2,0.47,6,3728.635440588291,0
1651,1,0.21,6,4732.308275467405,1
4697,3,0.48,6,4717.00051984813,1
4631,2,0.47,7,4646.762320881237,1
2559,1,0.36,3,3851.6316419826626,0
3845,2,0.48,7,3856.8446919505504,0
3787,2,0.47,6,3802.3981061551476,0
3717,2,0.46,2,3727.793114790921,0
3638,3,0.45,7,3648.5719842630497,0
3633,2,0.44,1,3642.8469878029764,0
3603,3,0.43,3,3609.7087846304594,0
3196,1,0.42,7,3854.854770247397,0
3828,3,0.47,1,3837.266604396017,0
3721,2,0.46,6,3729.964911914556,0
3641,2,0.45,7,3654.6696591834934,0
3625,2,0.44,2,3635.3030721301384,0
3039,1,0.41,2,3583.959620251837,0
3540,2,0.47,3,3549.0200635893952,0
3337,1,0.35,7,4828.729806060423,1
4798,3,0.47,4,4814.632227014801,1
4679,2,0.47,4,4692.189004393075,1
4631,3,0.46,5,4645.243597682231,1
4634,2,0.45,2,4648.011255897145,1
4570,3,0.44,6,4581.68551001138,1
3953,2,0.43,7,3968.0178919443797,0
3928,2,0.42,7,3943.915922944334,0
3923,3,0.41,5,3935.165260419898,0
4032,1,0.45,5,4367.841501378413,1
4312,1,0.49,2,4319.75537850529,1
4269,3,0.48,1,4272.599279198483,1
4162,1,0.43,4,4828.45891554647,1
4803,2,0.48,7,4818.475216634048,1
4781,2,0.47,2,4794.56571952385,1
3665,1,0.4,2,4293.727526110711,1
3298,1,0.39,4,4320.5926822582505,1
4162,3,0.47,4,4174.446784823221,1
4157,3,0.46,5,4170.682784282376,1
4129,2,0.45,5,4139.027906430373,1
3935,3,0.44,5,3949.2382770159393,0
3611,2,0.43,5,3625.526681939268,0
3424,3,0.42,1,3430.9318096415363,0
3411,3,0.41,7,3420.1915037074405,0
3082,2,0.4,4,3094.011446537018,0
2959,2,0.39,4,2967.2309800358016,0
2909,2,0.38,3,2917.8432307249577,0
2875,2,0.37,6,2891.514913068093,0
2829,3,0.36,5,2851.211127870827,0
2795,2,0.35,7,2812.674903841401,0
2792,2,0.35,7,2807.3736595757164,0
2714,2,0.34,5,2727.1377564122367,0
4260,1,0.48,7,4385.251793775907,1
4372,1,0.5,4,4384.532388028218,1
4377,2,0.49,2,4383.575808098416,1
3254,1,0.31,5,5646.329151091636,1
5640,1,0.5,4,5656.158931267281,1
2854,1,0.32,7,4450.258693966191,1
4439,2,0.49,6,4455.955490639396,1
4402,3,0.48,2,4413.310318684692,1
4194,2,0.47,7,4206.74727868724,1
3370,1,0.46,7,3789.3958033453937,0
3756,3,0.5,6,3772.6433530295953,0
3545,1,0.4,2,4243.921587715133,1
4210,1,0.47,5,4447.181329067797,1
4205,1,0.5,1,4221.038047118604,1
3826,3,0.49,1,3834.346615001584,0
5631,1,0.49,2,5715.997547861959,1
4367,1,0.5,3,4394.592252440072,1
4292,3,0.49,7,4313.593699338409,1
4214,2,0.48,3,4235.015123754631,1
3667,1,0.37,6,5464.144967046845,1
5330,3,0.5,7,5343.124256411571,1
5289,2,0.49,2,5298.76225754378,1
5634,1,0.49,7,5694.316509064988,1
5609,3,0.49,6,5624.072896273528,1
3726,1,0.49,6,3829.2017484280723,0
3493,1,0.46,7,3908.3382884534312,0
4430,1,0.45,4,5037.268038875053,1
4944,2,0.5,6,4958.616994206298,1
2040,1,0.28,6,4337.992562590748,1
4302,3,0.5,7,4322.655161514564,1
4004,2,0.49,6,4018.8646310208524,0
4002,3,0.48,7,4016.251797686814,0
4008,2,0.47,4,4020.583454284464,0
3541,1,0.48,6,3696.5842313075136,0
3613,3,0.51,6,3629.432692884835,0
4330,1,0.48,3,4586.347281735497,1
4541,2,0.51,4,4548.943008381476,1
4536,3,0.5,4,4544.529379576454,1
4461,3,0.49,2,4467.627866691436,1
3019,1,0.35,6,4588.666792061109,1
4560,3,0.52,3,4576.5351215999635,1
4018,1,0.43,2,4983.879102422663,1
4902,2,0.52,2,4910.801549164085,1
4872,2,0.51,5,4886.1837157627615,1
2757,1,0.3,3,4593.145268968696,1
4523,3,0.52,4,4534.299319906384,1
4258,3,0.51,1,4264.004203365466,1
4240,3,0.5,6,4249.05442775483,1
4356,1,0.51,1,4408.9818377043175,1
4237,1,0.44,2,5063.749963376892,1
4978,3,0.51,2,4985.737317945776,1
4806,2,0.5,2,4812.377239703671,1
4596,3,0.49,3,4604.046706241109,1
4564,2,0.48,3,4571.007906780117,1
4502,3,0.47,4,4509.682618210584,1
4499,2,0.46,4,4515.371802890854,1
4487,3,0.45,6,4505.138669422156,1
4488,2,0.44,4,4500.129938553835,1
4167,1,0.46,7,4524.017844547836,1
4803,1,0.5,6,4910.383858206943,1
4862,2,0.52,2,4871.4084404043415,1
4826,2,0.51,7,4837.265796477281,1
3574,1,0.5,7,3756.9494882017534,0
3603,1,0.52,6,3624.421998077696,0
3577,2,0.52,6,3602.972012057976,0
3584,3,0.51,6,3603.1022050801184,0
3446,3,0.5,6,3460.9446394745737,0
3804,1,0.5,4,4122.6330177457285,0
3235,1,0.35,6,5211.364876123609,1
4417,1,0.52,7,4528.428022817156,1
4465,2,0.52,2,4483.442438146116,1
4353,2,0.52,6,4369.020585592905,1
4255,3,0.52,5,4273.569421016197,1
4158,3,0.52,3,4166.5379828916875,1
4023,1,0.39,4,5290.1777367321665,1
5271,3,0.53,6,5288.822096841376,1
4731,3,0.52,7,4751.956635045049,1
4742,2,0.51,3,4752.983391480538,1
4722,3,0.5,5,4731.239636289085,1
4633,2,0.49,2,4641.711737619237,1
4616,3,0.48,4,4622.1506642550285,1
5099,1,0.53,2,5201.121251454639,1
5186,3,0.54,6,5197.247965046957,1
4866,1,0.49,5,5278.387329776339,1
4399,1,0.51,3,4670.3155638180315,1
4612,2,0.53,6,4626.029951000771,1
2093,1,0.26,6,5283.210863781889,1
5250,2,0.52,4,5265.618916680886,1
5179,2,0.51,2,5189.671150066759,1
5213,1,0.48,7,5714.029348834318,1
3433,1,0.39,6,5034.510110513755,1
5005,2,0.52,5,5023.597337180233,1
4964,3,0.51,3,4978.914657644347,1
5191,1,0.53,6,5276.100227499483,1
5201,2,0.52,3,5215.392044282712,1
2578,1,0.31,4,5125.758611040774,1
4080,1,0.53,2,4299.25744090935,1
4533,1,0.52,1,4620.229460282903,1
4521,2,0.52,3,4526.6715974487315,1
5662,1,0.53,4,5730.662696934108,1
5281,3,0.53,6,5292.127059045461,1
4992,3,0.52,7,5007.294321536799,1
4412,1,0.48,6,4872.39446249908,1
4747,2,0.52,1,4755.330254544106,1
4507,2,0.51,2,4511.064360792399,1
4838,1,0.53,3,4991.873886059702,1
4978,3,0.53,2,4985.9247357235445,1
4738,2,0.52,7,4749.870751500141,1
4678,2,0.51,4,4693.2272444474675,1
4185,1,0.39,4,6060.2201132183945,1
5990,3,0.53,6,6001.61723751633,1
5917,3,0.52,3,5927.479380599722,1
5910,2,0.51,7,5927.891399798154,1
5910,2,0.5,6,5931.223307376633,1
4242,1,0.53,6,4359.150629459901,1
5192,1,0.52,1,5322.324289269047,1
3522,1,0.43,7,4591.311088988102,1
4029,1,0.38,1,5541.737915434339,1
5532,3,0.54,4,5539.451082206667,1
5344,2,0.53,1,5354.452906411946,1
5349,2,0.52,3,5358.333563430717,1
5318,2,0.51,2,5325.230445314275,1
4561,1,0.46,1,5736.98713411154,1
4005,1,0.51,2,4327.6292020431965,1
4139,2,0.54,7,4153.580755639986,1
4038,2,0.53,3,4053.0351215351875,0
3924,2,0.52,4,3935.9724040344136,0
0,1,0.01,2,6021.40426731279,1
5918,3,0.55,1,5921.386062375015,1
5582,1,0.54,3,5625.4320558288555,1
5602,3,0.55,3,5610.664109508943,1
5502,2,0.54,3,5510.576572206554,1
5503,3,0.53,2,5509.6348395776295,1
5455,2,0.52,6,5463.494358066696,1
5313,3,0.51,5,5324.501678339182,1
5282,3,0.5,1,5289.487033800749,1
5277,3,0.49,1,5280.8682306860055,1
5058,3,0.48,5,5064.668393121573,1
3893,1,0.49,3,4653.966047252126,1
4461,2,0.54,7,4479.906013948704,1
4374,2,0.53,3,4397.523504035894,1
4525,1,0.46,3,5621.839824037767,1
4687,1,0.5,5,4986.506965423831,1
4806,2,0.54,1,4813.255082126647,1
4582,1,0.53,3,4741.152100170757,1
4479,1,0.52,5,4760.6595081801615,1
4603,2,0.54,4,4613.5291625939235,1
4554,2,0.53,3,4561.271467247721,1
4516,3,0.53,5,4529.164231651548,1
4246,2,0.53,5,4262.322088145122,1
1651,1,0.2,6,5360.96829379191,1
5320,2,0.55,4,5330.207927117445,1
2494,1,0.34,3,5212.898257878147,1
5192,3,0.55,6,5202.371974752132,1
3216,1,0.37,2,5515.211516634251,1
5435,3,0.55,2,5446.307369130641,1
5416,3,0.54,2,5421.239476446894,1
5372,2,0.53,3,5378.028765378725,1
5201,3,0.52,4,5209.870765250932,1
5132,3,0.51,4,5140.076366025897,1
0,1,0.01,6,5729.398367244959,1
5700,2,0.56,3,5714.369607630297,1
2355,1,0.27,7,5633.009646015357,1
4203,1,0.47,6,5177.592224346609,1
5146,3,0.55,7,5164.284923191754,1
5091,2,0.55,2,5106.10308442087,1
5000,2,0.54,3,5007.3626275242,1
4840,2,0.53,6,4850.373178114093,1
4715,3,0.52,5,4728.036931973493,1
4347,3,0.51,2,4356.226769045356,1
4677,1,0.54,3,4846.428479981301,1
3273,1,0.49,4,3951.6025275363345,0
3901,2,0.56,6,3911.2499081641927,0
3539,3,0.55,2,3548.309463908351,0
3420,3,0.54,2,3429.5448531069587,0
4725,1,0.43,3,6275.910797673201,1
6056,3,0.58,6,6072.175127591212,1
5883,3,0.57,4,5900.348179527743,1
5625,1,0.55,6,5739.768261504503,1
5683,3,0.57,2,5693.016906565553,1
5652,2,0.56,1,5656.008654346193,1
5563,3,0.55,4,5569.497062471543,1
5187,1,0.53,6,5590.553887678393,1
2524,1,0.31,7,5635.5283989430245,1
5389,3,0.58,6,5403.4655152008045,1
5528,1,0.58,6,5557.206395203177,1
4015,1,0.46,7,5027.76423844273,1
4857,3,0.59,6,4870.317020404519,1
4860,2,0.58,4,4870.298772603428,1
4813,3,0.57,7,4824.90341838139,1
4783,3,0.56,1,4791.198708547437,1
4589,2,0.55,3,4597.908036349019,1
4533,3,0.54,4,4544.006974806038,1
5518,1,0.58,3,5571.017969838337,1
5429,2,0.58,2,5435.44439922409,1
5269,3,0.57,4,5281.898899850064,1
5896,1,0.56,4,6017.171071386481,1
5904,3,0.59,2,5910.995398839402,1
5855,2,0.58,7,5865.1868483229655,1
5693,3,0.57,6,5708.831872121216,1
5437,3,0.56,5,5450.990618898655,1
5236,2,0.56,7,5256.955228142448,1
4834,3,0.55,2,4851.378903124292,1
4640,2,0.54,5,4649.11887718759,1
4532,2,0.53,4,4548.422290826803,1
668,1,0.09,2,5194.557293761607,1
5152,2,0.59,6,5162.688475520083,1
5050,2,0.58,3,5059.110250309995,1
4866,2,0.57,6,4876.026979319114,1
3191,1,0.43,2,5199.0139884373275,1
5040,2,0.58,4,5052.942560254324,1
5210,1,0.57,2,5394.2644813113575,1
5263,2,0.58,6,5271.047835952954,1
5256,2,0.57,3,5266.921158667688,1
5170,2,0.56,4,5179.0540294042385,1
5173,2,0.55,1,5179.101441990109,1
5110,3,0.54,5,5116.011345421391,1
5107,2,0.53,2,5115.840568971367,1
5056,2,0.52,1,5063.357744055563,1
5056,3,0.51,5,5069.125380479805,1
4969,2,0.51,3,4981.572900430385,1
4523,1,0.5,2,5571.320534200584,1
5494,1,0.59,4,5505.965567343563,1
5190,3,0.58,2,5201.101959552592,1
5565,1,0.55,7,5972.679912009051,1
5623,3,0.59,3,5633.001276512832,1
5826,1,0.54,1,6432.1301954438095,1
6194,2,0.59,3,6199.598598983832,1
6185,2,0.58,4,6192.42647751241,1
5997,3,0.57,4,6005.37291975688,1
5939,3,0.56,6,5950.951818190766,1
5846,3,0.55,1,5855.730355031946,1
5851,3,0.55,3,5856.4041255909015,1
5760,3,0.55,6,5769.797346248307,1
5642,3,0.54,1,5649.330210320405,1
5608,2,0.53,2,5612.711780338213,1
5499,2,0.52,7,5517.5261699828025,1
5566,1,0.58,6,5645.511898476686,1
5630,2,0.59,6,5652.623781817164,1
5615,3,0.58,4,5627.374716991932,1
5445,2,0.58,1,5451.898801029282,1
5082,3,0.57,4,5091.673870384791,1
5239,1,0.5,2,5992.364737465957,1
5330,1,0.54,7,5732.580723997205,1
5649,2,0.58,3,5664.716367119852,1
5652,3,0.57,1,5661.520565968734,1
5432,3,0.56,1,5436.678779184477,1
5248,2,0.55,5,5255.330683626688,1
5173,2,0.54,2,5181.974498301083,1
5165,2,0.53,1,5169.508531181809,1
5028,3,0.52,6,5036.234531320611,1
4876,1,0.57,6,5124.473304589924,1
